,Data,Name,Price,Nal
0,14:20_15-11-2021,Відеореєстратор Gazer F118,2 199 грн,В наявності
1,14:20_15-11-2021,Відеореєстратор Gazer F125,2 999 грн,В наявності
2,14:20_15-11-2021,Відеореєстратор Gazer MUW7000 Wi-Fi,8 999 грн,В наявності
3,14:20_15-11-2021,Парктронік Gazer PA45R black,3 399 грн,В наявності
4,14:20_15-11-2021,Парктронік Gazer PA45F black,3 399 грн,В наявності
5,14:20_15-11-2021,Парктронік Gazer PA40R black,2 899 грн,В наявності
6,14:20_15-11-2021,Парктронік Gazer PA40F black,2 899 грн,В наявності
7,14:20_15-11-2021,Телевізор Gazer TV40-FS2G,10 499 грн,В наявності
8,14:20_15-11-2021,Система кругового огляду універсальна Gazer CKR4400,7 999 грн,В наявності
9,14:20_15-11-2021,Магнітола Gazer CM6006-100D,9 599 грн,В наявності
10,14:20_15-11-2021,"Штатна магнітола Gazer CM5006-GFW Mitsubishi Outlander (GFW), AS X, Lancer, 2013",7 089 грн,В наявності
11,14:20_15-11-2021,Штатна магнітола Gazer CM5006-TQ Hyundai H1 (TQ) (2007-2012),6 589 грн,В наявності
12,14:20_15-11-2021,Штатна магнітола Gazer CM5509-CW6 Mitsubishi Outlander XL (CW6) (2007-2012),6 689 грн,В наявності
13,14:20_15-11-2021,Штатна магнітола Gazer CM5510-CMF Renault Kadjar (CMF) 2015-17,7 099 грн,В наявності
14,14:20_15-11-2021,"Штатна магнітола Gazer CM5510-ELS Citroen C-Elysee, Peugeot 301 2014-2017",6 899 грн,В наявності
15,14:20_15-11-2021,Штатна магнітола Gazer CM5510-MA Ford Kuga (MA) - low version (2013-2017),6 899 грн,В наявності
16,14:20_15-11-2021,"Штатна магнітола Gazer CM6007-B14 Subaru Outback (B14), Legacy (2008-2014)",7 979 грн,В наявності
17,14:20_15-11-2021,Штатна магнітола Gazer CM6007-BK Mazda 3 (BK) (2004-2009),7 919 грн,В наявності
18,14:20_15-11-2021,"Штатна магнітола Gazer CM6007-DB Ford Focus, Mondeo, Connect, S-Max (2004-2010)",8 329 грн,В наявності
19,14:20_15-11-2021,Штатна магнітола Gazer CM6007-E46 BMW 3 (E46) (1998-2004),19 990 грн,В наявності
20,14:20_15-11-2021,Штатна магнітола Gazer CM6007-ED Kia Ceed (ED) (2007-2012),19 300 грн,В наявності
21,14:20_15-11-2021,"Штатна магнітола Gazer CM6007-HSAM Renault Duster (HSAM), 2010-2016",8 079 грн,В наявності
22,14:20_15-11-2021,"Штатна магнітола Gazer CM6007-S12 Subaru Forester (S12), 2007-2012",7 969 грн,В наявності
23,14:20_15-11-2021,"Штатна магнітола Gazer CM6007-TB Mazda CX-9 (TB), 2006-2012",19 990 грн,В наявності
24,14:20_15-11-2021,Штатна магнітола Gazer CM6007-XK Jeep Commander (XK) (2007-2012),8 169 грн,В наявності
25,14:20_15-11-2021,"Штатна магнітола Gazer CM6007-955 Porsche Cayenne (955), 2002-2009",8 779 грн,В наявності
26,14:20_15-11-2021,"Штатна магнітола Gazer CM6007-E39 BMW 5 (E39), X5 (E53) 1996-04",9 169 грн,В наявності
27,14:20_15-11-2021,"Штатна магнітола Gazer CM6007-W163 Mercedes E, CLK, ML, G (1998-2006)",9 899 грн,В наявності
28,14:20_15-11-2021,"Штатна магнітола Gazer CM6007-W203 Mercedes C (W203), 2004-2007",24 990 грн,В наявності
29,14:20_15-11-2021,"Штатна магнітола Gazer CM6009-BK Ford Focus (BK), 2015-2017",8 069 грн,В наявності
30,14:20_15-11-2021,Штатна магнітола Gazer CM6509-CW6 Mitsubishi Outlander XL (CW6) (2007-2012),7 969 грн,В наявності
31,14:20_15-11-2021,Штатна магнітола Gazer CM6509-DM Hyundai Santa Fe (DM) (2012-2016),7 949 грн,В наявності
32,14:20_15-11-2021,"Штатна магнітола Gazer CM6509-EL Hyundai IX35 (EL), 2010-2015",8 379 грн,В наявності
33,14:20_15-11-2021,Штатна магнітола Gazer CM6509-FB4 Honda Civic (FB4) (2016-2017),8 069 грн,В наявності
34,14:20_15-11-2021,Штатна магнітола Gazer CM6509-GJ Mazda 6 (GJ) (2012-2016),8 529 грн,В наявності
35,14:20_15-11-2021,"Штатна магнітола Gazer CM6509-QL Kia Sportage (QL), 2015-2017",8 629 грн,В наявності
36,14:20_15-11-2021,"Штатна магнітола Gazer CM6509-S13 Subaru Forester (S13), 2015-2017",8 269 грн,В наявності
37,14:20_15-11-2021,Штатна магнітола Gazer CM6509-SJ Subaru Forester (SJ) (2013-2014),8 819 грн,В наявності
38,14:20_15-11-2021,Штатна магнітола Gazer CM6509-TF Kia Optima (TF) (2010-2015),8 469 грн,В наявності
39,14:20_15-11-2021,Штатна магнітола Gazer CM6509-TYT Toyota Prado (J120) 2002-2009,8 379 грн,В наявності
40,14:21_15-11-2021,"Штатна магнітола Gazer CM6509-YF Hyundai Sonata (YF), 2010-2015",8 099 грн,В наявності
41,14:21_15-11-2021,"Штатна магнітола Gazer CM6510-5E3 Skoda Octavia A7 (5E3), 2013-2016",8 839 грн,В наявності
42,14:21_15-11-2021,Штатна магнітола Gazer CM6510-BE1 VW Golf VII (BE1) (2014-2017),8 509 грн,В наявності
43,14:21_15-11-2021,Штатна магнітола Gazer CM6510-CMF Renault Kadjar (CMF) (2015-2017),8 559 грн,В наявності
44,14:21_15-11-2021,Штатна магнітола Gazer CM6510-CR Honda Accord (CR) (2013-2017),7 879 грн,В наявності
45,14:21_15-11-2021,"Штатна магнітола Gazer CM6510-E150 Toyota Corolla (E150), 2013-2016",8 669 грн,В наявності
46,14:21_15-11-2021,"Штатна магнітола Gazer CM6510-ELS Citroen C-Elysee, 2014-2017",8 079 грн,В наявності
47,14:21_15-11-2021,"Штатна магнітола Gazer CM6510-FA Honda Civic (FA), 2005-2011",8 509 грн,В наявності
48,14:21_15-11-2021,Штатна магнітола Gazer CM6510-J11 Nissan,21 990 грн,В наявності
49,14:21_15-11-2021,"Штатна магнітола Gazer CM6510-J200 Toyota LC 200 (J200), 2007-2015",7 979 грн,В наявності
50,14:21_15-11-2021,Штатна магнітола Gazer CM6510-KX7 Kia Sorento (KX7) (2017- ),8 269 грн,В наявності
51,14:21_15-11-2021,Штатна магнітола Gazer CM6510-MA Ford Kuga (MA) - low version ( 2013-2017),8 089 грн,В наявності
52,14:21_15-11-2021,"Штатна магнітола Gazer CM6510-TL Hyundai Tucson (TL), 2015-2017",8 479 грн,В наявності
53,14:21_15-11-2021,"Штатна магнітола Gazer CM6510-UD Hyundai Elantra (UD), 2016-2017",19 990 грн,В наявності
54,14:21_15-11-2021,Штатна магнітола Gazer CM6510-V50 Toyota Camry V50 2012-15,21 990 грн,В наявності
55,14:21_15-11-2021,Штатна магнітола Gazer CM6510-GFW Mitsubishi Outlander (GFW) (2014-2017),17 592 грн,В наявності
56,14:21_15-11-2021,Штатна магнітола Gazer CM6510-J150 Toyota Prado (J150) (2010-2013),9 479 грн,В наявності
57,14:21_15-11-2021,"Штатна магнітола Gazer CM6510-J150H/L Toyota Prado, LC150 - High level, 2014-2016",8 939 грн,В наявності
58,14:21_15-11-2021,"Штатна магнітола Gazer CM6008-XW50 Toyota Prius (XW50), 2014-2017",8 249 грн,В наявності
59,14:21_15-11-2021,"Штатна магнітола Gazer CM6008-A40 Toyota RAV4 (A40), 2013-2016",8 269 грн,В наявності
60,14:21_15-11-2021,Штатна магнітола Gazer CM6008-BL Mazda 3 (BL) (2010-2014),19 990 грн,В наявності
61,14:21_15-11-2021,Штатна магнітола Gazer CM6008-J150 Toyota Prado (J150) (2010-2013),8 529 грн,В наявності
62,14:21_15-11-2021,"Штатна магнітола Gazer CM6008-JD Kia Ceed (JD), 2011-2017",8 519 грн,В наявності
63,14:21_15-11-2021,Штатна магнітола Gazer CM6008-RP Kia Carens (FG) (2013-2017),21 990 грн,В наявності
64,14:21_15-11-2021,Штатна магнітола Gazer CM6008-UM Kia Sorento (UM) (2015-2017),8 239 грн,В наявності
65,14:21_15-11-2021,Штатна магнітола Gazer CM6008-V40 Toyota Camry (V40) (2007-2011),8 839 грн,В наявності
66,14:21_15-11-2021,Штатна магнітола Gazer CM6008-XM Kia Sorento (XM) (2013-2015),19 990 грн,В наявності
67,14:21_15-11-2021,"Штатна магнітола Gazer CM6008-UD Hyundai Elantra (UD), 2016-2017",21 990 грн,В наявності
68,14:21_15-11-2021,Штатна магнітола Gazer CM6008-V40F Toyota Camry (V40) (2007-2011),19 300 грн,В наявності
69,14:21_15-11-2021,"Штатна магнітола Gazer CM6008-V50USA Toyota Camry (V50) - USA, 2012-2015",8 329 грн,В наявності
70,14:21_15-11-2021,Штатна магнітола Gazer CM6008-J100 Toyota LC 100 (J100) (1998-2007),7 999 грн,В наявності
71,14:21_15-11-2021,Штатна магнітола Gazer CM6007-TYT Toyota Prado (J120) 2002-2009,9 249 грн,В наявності
72,14:21_15-11-2021,"Штатна магнітола Gazer CM5007-JU Ford Fuison, Explorer, Mustang , Edge, Escape II",7 089 грн,В наявності
73,14:21_15-11-2021,Штатна магнітола Gazer CM6006-120 Toyota Universal,7 449 грн,В наявності
74,14:21_15-11-2021,"Штатна магнітола Gazer CM6006-GFW Mitsubishi Outlander (GFW), ASX, Lancer, 2013",8 489 грн,В наявності
75,14:21_15-11-2021,Штатна магнітола Gazer CM6508-7P5 VW Touareg (7P5) (2010-2016),15 440 грн,В наявності
76,14:21_15-11-2021,Штатна магнітола Gazer CM6508-7P6 VW Touareg 16+,10 489 грн,В наявності
77,14:21_15-11-2021,Штатна магнітола Gazer CM6508-MGH Mazda 6 (MGH) (2007-2013),21 990 грн,В наявності
78,14:21_15-11-2021,"Штатна магнітола Gazer CM6009-GV Suzuki Vitara (GV), 2015-2017",21 990 грн,В наявності
79,14:21_15-11-2021,"Штатна магнітола Gazer CM7010-BE1 VW Golf VII (BE1), 2014-2017",10 119 грн,В наявності
80,14:21_15-11-2021,"Штатна магнітола Gazer CM7010-TL Hyundai Tucson (TL), 2015-2017",5 299 грн,В наявності
81,14:21_15-11-2021,Камера заднього виду Gazer CC100,1 399 грн,В наявності
82,14:21_15-11-2021,Камера заднього виду Gazer CC4500-MBS (комплект),5 767 грн,В наявності
83,14:21_15-11-2021,Камера заднього виду Gazer CC3015-5G0,11 900 грн,В наявності
84,14:21_15-11-2021,Камера заднього виду Gazer CC2015-1T5,7 267 грн,В наявності
85,14:21_15-11-2021,Камера заднього виду Gazer CC2010-C2Z,6 200 грн,В наявності
86,14:21_15-11-2021,Камера заднього виду Gazer CC150,1 899 грн,В наявності
87,14:21_15-11-2021,Штатна магнітола Gazer CM5007-E180,14 999 грн,В наявності
88,14:21_15-11-2021,Штатна магнітола Gazer CM5007-T200,7 069 грн,В наявності
89,14:21_15-11-2021,Штатна магнітола Gazer CM5007-W164,16 999 грн,В наявності
90,14:21_15-11-2021,Штатна магнітола Gazer CM5008-J350,6 839 грн,В наявності
91,14:21_15-11-2021,Штатна магнітола Gazer CM5509-QL,15 899 грн,В наявності
92,14:21_15-11-2021,Штатна магнітола Gazer CM5510-A40,12 719 грн,В наявності
93,14:21_15-11-2021,Штатна магнітола Gazer CM5510-ASX10,15 899 грн,В наявності
94,14:21_15-11-2021,Штатна магнітола Gazer CM5510-J150N,8 329 грн,В наявності
95,14:21_15-11-2021,Штатна магнітола Gazer CM6007-263,7 899 грн,В наявності
96,14:21_15-11-2021,Штатна магнітола Gazer CM6007-W2,16 720 грн,В наявності
97,14:21_15-11-2021,Штатна магнітола Gazer CM6007-XM10,20 900 грн,В наявності
98,14:21_15-11-2021,Штатна магнітола Gazer CM6008-JY,16 720 грн,В наявності
99,14:21_15-11-2021,Штатна магнітола Gazer CM6008-T300,8 499 грн,В наявності
100,14:22_15-11-2021,Штатна магнітола Gazer CM6509-J350,8 489 грн,В наявності
101,14:22_15-11-2021,Штатна магнітола Gazer CM6509-FB2,15 440 грн,В наявності
102,14:22_15-11-2021,Штатна магнітола Gazer CM6509-KHW,8 859 грн,В наявності
103,14:22_15-11-2021,Штатна магнітола Gazer CM6509-UB,13 920 грн,В наявності
104,14:22_15-11-2021,Штатна магнітола Gazer CM6510-KL,16 720 грн,В наявності
105,14:22_15-11-2021,Телевізор Gazer TV32-HS2G,7 999 грн,В наявності
106,14:22_15-11-2021,Відеореєстратор Gazer F730,4 499 грн,В наявності
107,14:22_15-11-2021,Відеореєстратор Gazer F715,1 699 грн,В наявності
108,14:22_15-11-2021,Відеореєстратор Gazer F750w,9 999 грн,В наявності
109,14:22_15-11-2021,Відеореєстратор Gazer F155,5 999 грн,В наявності
110,14:22_15-11-2021,Відеореєстратор Gazer MUW5000,5 999 грн,В наявності
111,14:22_15-11-2021,Штатна магнітола Gazer CM6007-8P для AUDI A3 (2003-2008),8 829 грн,В наявності
112,14:22_15-11-2021,Штатна магнітола Gazer CM5007-8E для AUDI A4 (2002-2008),6 609 грн,В наявності
113,14:22_15-11-2021,Штатна магнітола Gazer CM5007-8J для AUDI TT (2006-2011),7 059 грн,В наявності
114,14:22_15-11-2021,Штатна магнітола Gazer CM5009-BK для Ford Focus (BK) 2015-2017,7 139 грн,В наявності
115,14:22_15-11-2021,"Штатна магнітола Gazer CM5007-DB для Ford Focus, Mondeo, Connect, S-Max 2004-2010",6 869 грн,В наявності
116,14:22_15-11-2021,"Штатна магнітола Gazer CM6007-JUF для Ford Fuison, Explorer, Mustang, Edge, Escape II",8 479 грн,В наявності
117,14:22_15-11-2021,Штатна магнітола Gazer CM7012-MA для Ford Kuga (MA) - low version ( 2013-2017),9 869 грн,В наявності
118,14:22_15-11-2021,Штатна магнітола Gazer CM7012-BE для Ford Mondeo (BE) 2014-2017,10 199 грн,В наявності
119,14:22_15-11-2021,Штатна магнітола Gazer CM5007-FA для Honda Civic (FA) 2006-2011,15 899 грн,В наявності
120,14:22_15-11-2021,Штатна магнітола Gazer CM6007-FA для Honda Civic (FA) 2006-2011,8 859 грн,В наявності
121,14:22_15-11-2021,Штатна магнітола Gazer CM5509-FB4 для Honda Civic (FB4) 2016-2017,7 059 грн,В наявності
122,14:22_15-11-2021,Штатна магнітола Gazer CM6510-FG для Honda Civic (FG) (2011-2013),8 489 грн,В наявності
123,14:22_15-11-2021,Штатна магнітола Gazer CM5007-RE для Honda CRV (RE) 2006-2011,6 569 грн,В наявності
124,14:22_15-11-2021,Штатна магнітола Gazer CM5008-RE для Honda CRV (RE) 2006-2011,6 719 грн,В наявності
125,14:22_15-11-2021,Штатна магнітола Gazer CM5007-RM4 для Honda CRV (RM4) 2012-2016,6 569 грн,В наявності
126,14:22_15-11-2021,Штатна магнітола Gazer CM6007-RM4 для Honda CRV (RM4) 2012-2016,7 509 грн,В наявності
127,14:22_15-11-2021,Штатна магнітола Gazer CM6510-RM4 для Honda CRV (RM4) 2012-2016,8 819 грн,В наявності
128,14:22_15-11-2021,"Штатна магнітола Gazer CM5510-GP для Honda Fit (GP), Jazz 2014-2017",7 059 грн,В наявності
129,14:22_15-11-2021,"Штатна магнітола Gazer CM6510-GP для Honda Fit (GP), Jazz 2014-2017",8 459 грн,В наявності
130,14:22_15-11-2021,Штатна магнітола Gazer CM5509-GH для Honda HRV (GH) 2013-2017,7 389 грн,В наявності
131,14:22_15-11-2021,Штатна магнітола Gazer CM5007-GE6 Honda Jazz (GE6) (2007-2013),7 099 грн,В наявності
132,14:22_15-11-2021,Штатна магнітола Gazer CM5509-RB для Hyundai Accent (RB) 2010-2015,6 569 грн,В наявності
133,14:22_15-11-2021,Штатна магнітола Gazer CM6007-RB для Hyundai Accent (RB) 2010-2015,7 999 грн,В наявності
134,14:22_15-11-2021,Штатна магнітола Gazer CM6509-RB для Hyundai Accent (RB) 2010-2015,7 959 грн,В наявності
135,14:22_15-11-2021,Штатна магнітола Gazer CM5007-MD для Hyundai Elantra 2011-2016 для Hyundai Elantra (MD) (2011-2016),7 139 грн,В наявності
136,14:22_15-11-2021,Штатна магнітола Gazer CM7010-MD для Hyundai Elantra (MD) 2011-2016,10 589 грн,В наявності
137,14:22_15-11-2021,Штатна магнітола Gazer CM7010-UD для Hyundai Elantra (UD) (2016-2017),10 209 грн,В наявності
138,14:22_15-11-2021,Штатна магнітола Gazer CM6006-TQ для Hyundai H1 (TQ) 2007-2012,8 479 грн,В наявності
139,14:22_15-11-2021,Штатна магнітола Gazer CM5007-BA для Hyundai i10 (BA) 2013-2016,7 109 грн,В наявності
140,14:22_15-11-2021,Штатна магнітола Gazer CM6007-BA для Hyundai i10 (BA) 2013-2016,8 509 грн,В наявності
141,14:22_15-11-2021,Штатна магнітола Gazer CM5007-PA для Hyundai i10 (PA) 2007-2013,6 269 грн,В наявності
142,14:22_15-11-2021,Штатна магнітола Gazer CM5008-GB для Hyundai i20 2014-2017,7 109 грн,В наявності
143,14:22_15-11-2021,Штатна магнітола Gazer CM5006-PB для Hyundai i20 (PB) 2008-2013,6 089 грн,В наявності
144,14:22_15-11-2021,Штатна магнітола Gazer CM5007-VF для Hyundai i40 2011-2016,6 809 грн,В наявності
145,14:22_15-11-2021,Штатна магнітола Gazer CM6007-VF для Hyundai i40 2011-2016,8 219 грн,В наявності
146,14:22_15-11-2021,Штатна магнітола Gazer CM5007-EL для Hyundai ix35 2010-2015,7 409 грн,В наявності
147,14:22_15-11-2021,Штатна магнітола Gazer CM5509-EL для Hyundai IX35 (EL) 2010-2015,7 099 грн,В наявності
148,14:22_15-11-2021,Штатна магнітола Gazer CM6007-EL для Hyundai IX35 (EL) 2010-2015,8 489 грн,В наявності
149,14:22_15-11-2021,Штатна магнітола Gazer CM6006-CM для Hyundai Santa Fe (CM) 2006-2012,7 869 грн,В наявності
150,14:22_15-11-2021,Штатна магнітола Gazer CM5509-DM для Hyundai SantaFe 2012-2016,7 079 грн,В наявності
151,14:22_15-11-2021,Штатна магнітола Gazer CM6008-DM для Hyundai Santa Fe (DM) 2012-2016,8 119 грн,В наявності
152,14:22_15-11-2021,Штатна магнітола Gazer CM5006-NF для Hyundai Sonata (NF) 2009-2010,5 949 грн,В наявності
153,14:22_15-11-2021,Штатна магнітола Gazer CM5510-TL для Hyundai Tucson (TL) 2015-2017,7 059 грн,В наявності
154,14:22_15-11-2021,Штатна магнітола Gazer CM6008-TL для Hyundai Tucson 2015-2017,8 529 грн,В наявності
155,14:22_15-11-2021,Штатна магнітола Gazer CM6509-RP для Kia Carens (FG) (2013-2017),8 469 грн,В наявності
156,14:22_15-11-2021,Штатна магнітола Gazer CM5008-JD для Kia Ceed (JD) 2011-2017,6 709 грн,В наявності
157,14:22_15-11-2021,Штатна магнітола Gazer CM6510-YD для Kia Cereato (YD) 2015-2017,8 489 грн,В наявності
158,14:22_15-11-2021,Штатна магнітола Gazer CM5007-QV для Kia Mohave (QV) 2007-2012,6 679 грн,В наявності
159,14:22_15-11-2021,Штатна магнітола Gazer CM6007-QV для Kia Mohave (QV) 2007-2012,8 489 грн,В наявності
160,14:22_15-11-2021,Штатна магнітола Gazer CM6510-JF для Kia Optima (JF) 2015-2017,8 489 грн,В наявності
161,14:22_15-11-2021,Штатна магнітола Gazer CM5008-TF для Kia Optima (TF) 2010-2015,7 429 грн,В наявності
162,14:22_15-11-2021,Штатна магнітола Gazer CM5007-TA для Kia Picanto (TA) 2011-2017,6 279 грн,В наявності
163,14:22_15-11-2021,Штатна магнітола Gazer CM6008-UB15 для Kia Rio (UB15) 2015-2017,8 539 грн,В наявності
164,14:22_15-11-2021,Штатна магнітола Gazer CM5008-UB15 для Kia Rio (UB15) 2015-2017,7 439 грн,В наявності
165,14:22_15-11-2021,Штатна магнітола Gazer CM5510-KX7 для Kia Sorento (KX7) 2017,7 089 грн,В наявності
166,14:22_15-11-2021,Штатна магнітола Gazer CM6510-UM для Kia Sorento (UM) 2015-2017,21 990 грн,В наявності
167,14:22_15-11-2021,Штатна магнітола Gazer CM5008-XM для Kia Sorento 2013-2015,7 429 грн,В наявності
168,14:22_15-11-2021,Штатна магнітола Gazer CM6008-QL для Kia Sportage (QL) 2015-2017,8 519 грн,В наявності
169,14:22_15-11-2021,Штатна магнітола Gazer CM5008-SL для Kia Sportage 2010-2015,6 849 грн,В наявності
170,14:22_15-11-2021,Штатна магнітола Gazer CM5008-VST для Lada Vesta 2015-2017,6 269 грн,В наявності
171,14:22_15-11-2021,Штатна магнітола Gazer CM6008-VST для Lada Vesta 2015-2017,7 669 грн,В наявності
172,14:22_15-11-2021,Штатна магнітола Gazer CM5007-BK для Mazda 3 (BK) 2004-2009,7 109 грн,В наявності
173,14:22_15-11-2021,Штатна магнітола Gazer CM6007-BK для Mazda 3 2004-2009,8 859 грн,В наявності
174,14:22_15-11-2021,Штатна магнітола Gazer CM5008-BL для Mazda 3 (BL) 2010-2014,6 919 грн,В наявності
175,14:22_15-11-2021,Штатна магнітола Gazer CM5509-KE для Mazda CX-5 (KE) 2012-2016,6 619 грн,В наявності
176,14:22_15-11-2021,Штатна магнітола Gazer CM6509-KE для Mazda CX-5 (KE) 2012-2016,8 169 грн,В наявності
177,14:22_15-11-2021,"Штатна магнітола Gazer CM5008 для Mazda CX-5 2012-5 (KE), 6 (GJ) (2012- 2016)",6 679 грн,В наявності
178,14:22_15-11-2021,Штатна магнітола Gazer CM5507-TB для Mazda CX-9 (TB) (2006-2012),7 409 грн,В наявності
179,14:22_15-11-2021,Штатна магнітола Gazer CM6507-TB для Mazda CX-9 (TB) 2006-2012,8 899 грн,В наявності
180,14:23_15-11-2021,"Штатна магнітола Gazer CM5007-W163 для Mercedes A (W168), C (W203), E (W210), CLK(W209)",8 099 грн,В наявності
181,14:23_15-11-2021,Штатна магнітола Gazer CM6007-W220 для Mercedes S (W220) (1998-2005,9 519 грн,В наявності
182,14:23_15-11-2021,Штатна магнітола Gazer CM5008-GFW для Mitsubishi Outlander (GFW) 2014-2017,6 359 грн,В наявності
183,14:23_15-11-2021,Штатна магнітола Gazer CM5510-GFW для Mitsubishi Outlander (GFW) 2014-2017,7 459 грн,В наявності
184,14:23_15-11-2021,Штатна магнітола Gazer CM5008-V9W для Mitsubishi Pajero 2016 -2017,6 639 грн,В наявності
185,14:23_15-11-2021,Штатна магнітола Gazer CM6509-V9W для Mitsubishi Pajero (V9W) 2016-2017,8 529 грн,В наявності
186,14:23_15-11-2021,Штатна магнітола Gazer CM5509-KHW для Mitsubishi Pajero Sport (KHW) 2008-2015,7 389 грн,В наявності
187,14:23_15-11-2021,Штатна магнітола Gazer CM5006-L10 для Nissan Livina (L10) 2013-2016,6 269 грн,В наявності
188,14:23_15-11-2021,Штатна магнітола Gazer CM6006-L10 для Nissan Livina 2013-2016,7 679 грн,В наявності
189,14:23_15-11-2021,Штатна магнітола Gazer CM6510-Z52R для Nissan Murano (Z52R) 2015-2017,8 489 грн,В наявності
190,14:23_15-11-2021,Штатна магнітола Gazer CM6008-D40 для Nissan Navara 2014-2017,8 519 грн,В наявності
191,14:23_15-11-2021,Штатна магнітола Gazer CM6008-Y62 для Nissan Patrol 2010-2015,9 539 грн,В наявності
192,14:23_15-11-2021,"Штатна магнітола Gazer CM7012-J11 для Nissan Qashqai, X-Trail 2013-2016",10 209 грн,В наявності
193,14:23_15-11-2021,Штатна магнітола Gazer CM6510-L33R для Nissan Teana (L33R) 2013-2016,8 499 грн,В наявності
194,14:23_15-11-2021,"Штатна магнітола Gazer CM5006-SC11 для Nissan Tiida, Qashqai, X-Trail, Patrol",6 269 грн,В наявності
195,14:23_15-11-2021,"Штатна магнітола Gazer CM6006-SC11 для Nissan Tiida, Qashqai, X-Trail, Patrol",7 669 грн,В наявності
196,14:23_15-11-2021,Штатна магнітола Gazer CM5509-GS для Opel Astra (K) 2014-2017,7 069 грн,В наявності
197,14:23_15-11-2021,Штатна магнітола Gazer CM6509-GS для Opel Astra (K) 2014-2017,8 469 грн,В наявності
198,14:23_15-11-2021,Штатна магнітола Gazer CM6008-B1 для Opel Corsa E (B1) 2014-2017,19 990 грн,В наявності
199,14:23_15-11-2021,Штатна магнітола Gazer CM5007-408W для Peugeot 408 2010-2013,7 089 грн,В наявності
200,14:23_15-11-2021,Штатна магнітола Gazer CM6007-408W для Peugeot 408 2010-2013,8 489 грн,В наявності
201,14:23_15-11-2021,Штатна магнітола Gazer CM5007-955 для Porsche Cayenne (955) 2002-2009,7 569 грн,В наявності
202,14:23_15-11-2021,Штатна магнітола Gazer CM7010-MCN для Porsche Macan 2014-2017,10 199 грн,В наявності
203,14:23_15-11-2021,"Штатна магнітола Gazer CM5509-KR0A для Renault Captur, Clio (KR0-AC) 2011-2015",7 079 грн,В наявності
204,14:23_15-11-2021,"Штатна магнітола Gazer CM6509-KR0A для Renault Captur, Clio (KR0-AC) 2011-2015",8 859 грн,В наявності
205,14:23_15-11-2021,Штатна магнітола Gazer CM5007-HSAM для Renault Duster (HSAM) 2010-2016,7 089 грн,В наявності
206,14:23_15-11-2021,Штатна магнітола Gazer CM5510-CMF для Renault Kadjar (CMF) 2015-2017,7 099 грн,В наявності
207,14:23_15-11-2021,Штатна магнітола Gazer CM6007-DZO для Renault Megane III (DZO) 2008-2016,19 300 грн,В наявності
208,14:23_15-11-2021,Штатна магнітола Gazer CM6009-FS для Renault Sandero (FS) 2008-2012,8 849 грн,В наявності
209,14:23_15-11-2021,Штатна магнітола Gazer CM5509-NJ для Skoda Fabia 2015-2017,7 069 грн,В наявності
210,14:23_15-11-2021,Штатна магнітола Gazer CM6509-NJ для Skoda Fabia 2015-2017,8 179 грн,В наявності
211,14:23_15-11-2021,Штатна магнітола Gazer CM5008-5E3 для Skoda Octavia A7 (5E3) 2013-2016,7 669 грн,В наявності
212,14:23_15-11-2021,Штатна магнітола Gazer CM5510-5E3 для Skoda Octavia A7 (5E3) 2013-2016,12 719 грн,В наявності
213,14:23_15-11-2021,Штатна магнітола Gazer CM6008-NK3 для Skoda Rapid (NK3) 2013-2016,9 499 грн,В наявності
214,14:23_15-11-2021,Штатна магнітола Gazer CM5510-5LA для Skoda Yeti (5L) auto conditioner 2009-2013,7 099 грн,В наявності
215,14:23_15-11-2021,Штатна магнітола Gazer CM6510-5LA для Skoda Yeti (5L) auto conditioner 2009-2013,8 499 грн,В наявності
216,14:23_15-11-2021,Штатна магнітола Gazer CM6510-5LM для Skoda Yeti (5L) manual conditioner 2009-2013,8 499 грн,В наявності
217,14:23_15-11-2021,Штатна магнітола Gazer CM5510-5LM для Skoda Yeti (5L) manual conditioner 2009-2013,7 399 грн,В наявності
218,14:23_15-11-2021,Штатна магнітола Gazer CM5007-CK для Ssang Yong Korando (CK) 2010-2013,7 429 грн,В наявності
219,14:23_15-11-2021,Штатна магнітола Gazer CM5008-CKN для Ssang Yong Korando (CKN) 2013-2016,6 689 грн,В наявності
220,14:23_15-11-2021,"Штатна магнітола Gazer CM5007-B14 для Subaru Outback (B14, Legacy) 2008-2014",6 649 грн,В наявності
221,14:23_15-11-2021,Штатна магнітола Gazer CM5007-ZCS для Suzuki Swift (ZCS) 2011-2016,7 089 грн,В наявності
222,14:23_15-11-2021,Штатна магнітола Gazer CM6007-ZCS для Suzuki Swift (ZCS) 2011-2016,8 499 грн,В наявності
223,14:23_15-11-2021,Штатна магнітола Gazer CM5510-ZD для Suzuki Swift (ZD) 2004-2010,7 109 грн,В наявності
224,14:23_15-11-2021,Штатна магнітола Gazer CM6510-ZD для Suzuki Swift (ZD) 2004-2010,5 229 грн,В наявності
225,14:23_15-11-2021,Штатна магнітола Gazer CM6008-X4 для Toyota Avalon (X4) 2014-2017,8 879 грн,В наявності
226,14:23_15-11-2021,Штатна магнітола Gazer CM6510-V70 для Toyota Camry (V70) 2018+,7 199 грн,В наявності
227,14:23_15-11-2021,Штатна магнітола Gazer CM5008-V50USA для Toyota Camry (V50-USA) 2012-2015,6 439 грн,В наявності
228,14:23_15-11-2021,Штатна магнітола Gazer CM5510-V50 для Toyota Camry (V50) 2012-2015,15 899 грн,В наявності
229,14:23_15-11-2021,Штатна магнітола Gazer CM5008-V55 для Toyota Camry (V55) 2015-2017,7 139 грн,В наявності
230,14:23_15-11-2021,Штатна магнітола Gazer CM5510-V55 для Toyota Camry (V55) 2015-2017,7 099 грн,В наявності
231,14:23_15-11-2021,Штатна магнітола Gazer CM6008-V55 для Toyota Camry (V55) 2015-2017,7 919 грн,В наявності
232,14:23_15-11-2021,Штатна магнітола Gazer CM6510-V55 для Toyota Camry (V55) 2015-2017,8 489 грн,В наявності
233,14:23_15-11-2021,Штатна магнітола Gazer CM7012-V55 для Toyota Camry (V55) 2015-2017,9 859 грн,В наявності
234,14:23_15-11-2021,Штатна магнітола Gazer CM6509-E140 для Toyota Corolla (E140) 2006-2012,8 489 грн,В наявності
235,14:23_15-11-2021,Штатна магнітола Gazer CM5007-E150 для Toyota Corolla (E150) 2013-2016,7 099 грн,В наявності
236,14:23_15-11-2021,Штатна магнітола Gazer CM6007-E150 для Toyota Corolla (E150) 2013-2016,8 499 грн,В наявності
237,14:23_15-11-2021,Штатна магнітола Gazer CM6510-XU40 для Toyota Highlander (XU40) 2008-2015,8 839 грн,В наявності
238,14:23_15-11-2021,Штатна магнітола Gazer CM6009-XU50 для Toyota Highlander (XU50) 2015-2017,10 269 грн,В наявності
239,14:23_15-11-2021,Штатна магнітола Gazer CM6510 -XU50 для Toyota Highlander 2015 -2017,8 419 грн,В наявності
240,14:23_15-11-2021,Штатна магнітола Gazer CM5510-XU50 для Toyota Highlander 2015-2017,7 389 грн,В наявності
241,14:23_15-11-2021,Штатна магнітола Gazer CM5006-N5 для Toyota Hilux (N5) 2012-2015,6 199 грн,В наявності
242,14:23_15-11-2021,Штатна магнітола Gazer CM6006-N5 для Toyota Hilux (N5) 2012-2015,7 999 грн,В наявності
243,14:23_15-11-2021,Штатна магнітола Gazer CM5509-N8 для Toyota Hilux 2015-2017,13 899 грн,В наявності
244,14:23_15-11-2021,Штатна магнітола Gazer CM5008-J100 для Toyota LC 100 (J100) 1998-2007,6 729 грн,В наявності
245,14:23_15-11-2021,Штатна магнітола Gazer CM5510-J200 для Toyota LC 200 (J200) 2007-2015,7 169 грн,В наявності
246,14:23_15-11-2021,Штатна магнітола Gazer CM7012-J200 для Toyota LC 200 (J200) 2007-2015,10 149 грн,В наявності
247,14:23_15-11-2021,Штатна магнітола Gazer CM5008-J200 для Toyota LC 200 (J200) 2007-2015,7 429 грн,В наявності
248,14:23_15-11-2021,Штатна магнітола Gazer CM5510-J200N для Toyota LC 200 (J200N) 2016-2017,9 769 грн,В наявності
249,14:23_15-11-2021,Штатна магнітола Gazer CM5509-TYT для Toyota Prado (J120) 2002-2009,7 109 грн,В наявності
250,14:23_15-11-2021,Штатна магнітола Gazer CM6509-TYT для Toyota Prado (J120) 2002-2009,8 379 грн,В наявності
251,14:23_15-11-2021,Штатна магнітола Gazer CM5510-J150 для Toyota Prado (J150) 2010-2013,7 719 грн,В наявності
252,14:23_15-11-2021,Штатна магнітола Gazer CM7012-J150 для Toyota Prado (J150) 2010-2013,9 819 грн,В наявності
253,14:23_15-11-2021,"Штатна магнітола Gazer CM6008-J150H для Toyota Prado, LC150-High level 2014-2016",8 579 грн,В наявності
254,14:23_15-11-2021,"Штатна магнітола Gazer CM7012-J150H для Toyota Prado, LC150-High level",9 849 грн,В наявності
255,14:23_15-11-2021,"Автомагнітола Gazer Toyota Prado, LC150 - High/Low level (CM5510-J150H/L)",8 169 грн,В наявності
256,14:23_15-11-2021,"Штатна магнітола Gazer CM5009 для Toyota Prado, LC150 - Low leve l 2014- Low leve l (2014-2016)",6 619 грн,В наявності
257,14:23_15-11-2021,Штатна магнітола Gazer CM5008-XW50 для Toyota Prius (XW50) 2014-2017,7 109 грн,В наявності
258,14:23_15-11-2021,Штатна магнітола Gazer CM6006-NHP10-для Toyota Prius C 2011-2 014,8 519 грн,В наявності
259,14:23_15-11-2021,Штатна магнітола Gazer CM5510-A30 для Toyota RAV4 (A30) 2006-2012,7 399 грн,В наявності
260,14:24_15-11-2021,Штатна магнітола Gazer CM6007-A30 для Toyota RAV 4 (A30) 2006-2012,8 859 грн,В наявності
261,14:24_15-11-2021,Штатна магнітола Gazer CM6510-A30 для Toyota RAV 4 (A30) 2006-2012,8 219 грн,В наявності
262,14:24_15-11-2021,Штатна магнітола Gazer CM5008-A40 для Toyota RAV 4 (A40) 2013-2016,7 109 грн,В наявності
263,14:24_15-11-2021,Штатна магнітола Gazer CM6510-A40 для Toyota RAV 4 (A40) 2013-2016,7 999 грн,В наявності
264,14:24_15-11-2021,Штатна магнітола Gazer CM5006-120 для Toyota Universal 2001-2012,6 289 грн,В наявності
265,14:24_15-11-2021,Штатна магнітола Gazer CM5006-120F для Toyota Universal 2001-2012,6 289 грн,В наявності
266,14:24_15-11-2021,Штатна магнітола Gazer CM6006-120F для Toyota Universal 2001-2012,7 949 грн,В наявності
267,14:24_15-11-2021,Штатна магнітола Gazer CM6007-GV10 для Toyota Venza (GV10) 2008-2016,7 879 грн,В наявності
268,14:24_15-11-2021,Штатна магнітола Gazer CM5006-P130 для Toyota Yaris (P130) 2011-2013,7 019 грн,В наявності
269,14:24_15-11-2021,Штатна магнітола Gazer CM5007-P150 для Toyota Yaris 2013-2016,6 929 грн,В наявності
270,14:24_15-11-2021,Штатна магнітола Gazer CM6510-P150 для Toyota Yaris 2013-2016,8 259 грн,В наявності
271,14:24_15-11-2021,Штатна магнітола Gazer CM5009-P170 для Toyota Yaris 2016-2017,6 719 грн,В наявності
272,14:24_15-11-2021,Штатна магнітола Gazer CM6009-P170 для Toyota Yaris 2016-2017,7 989 грн,В наявності
273,14:24_15-11-2021,Штатна магнітола Gazer CM5510-BE1 для VW Golf VII (BE1) 2014-2017,7 389 грн,В наявності
274,14:24_15-11-2021,Штатна магнітола Gazer CM6510-162,8 119 грн,В наявності
275,14:24_15-11-2021,Штатна магнітола Gazer CM5510-362 для VW Passat B7 (362) 2010-2014,5 229 грн,В наявності
276,14:24_15-11-2021,Штатна магнітола Gazer CM5008-3G2 для VW Passat B8 (3G2) 2014-2017,7 119 грн,В наявності
277,14:24_15-11-2021,Штатна магнітола Gazer CM5510-3G2 для VW Passat B8 (3G2) 2014-2017,7 159 грн,В наявності
278,14:24_15-11-2021,Штатна магнітола Gazer CM6008-3G2 для VW Passat B8 (3G2) 2014-2017,8 519 грн,В наявності
279,14:24_15-11-2021,Штатна магнітола Gazer CM6510-3G2 для VW Passat B8 (3G2) 2014-2017,8 859 грн,В наявності
280,14:24_15-11-2021,Штатна магнітола Gazer CM7010-3G2 для VW Passat B8 2014-2017,10 239 грн,В наявності
281,14:24_15-11-2021,Штатна магнітола Gazer CM5510-614 для VW Polo (614) 2016-2017,7 159 грн,В наявності
282,14:24_15-11-2021,Штатна магнітола Gazer CM6510-614 для VW Polo (614) 2016-2017,8 559 грн,В наявності
283,14:24_15-11-2021,Штатна магнітола Gazer CM6510-5N2 для VW Tiguan (5N2) 2013-2016,9 469 грн,В наявності
284,14:24_15-11-2021,Штатна магнітола Gazer CM5510-AD1 для VW Tiguan (AD1) 2016-2017,7 079 грн,В наявності
285,14:24_15-11-2021,Штатна магнітола Gazer CM6510-AD1 для VW Touran (5T1) 2016-2017,8 479 грн,В наявності
286,14:24_15-11-2021,Штатна магнітола Gazer CM5007-7L для VW Touareg (7L) 2002-2010,5 989 грн,В наявності
287,14:24_15-11-2021,Штатна магнітола Gazer CM6007-7L для VW Touareg (7L) 2002-2010,8 979 грн,В наявності
288,14:24_15-11-2021,Штатна магнітола Gazer CM5508-7P6 для VW Touareg only instead RCD550 (7P6) 2016-2017,9 139 грн,В наявності
289,14:24_15-11-2021,Штатна магнітола Gazer CM6510-5T1 для VW Touran (5T1) 2016-2017,8 589 грн,В наявності
290,14:24_15-11-2021,Штатна магнітола Gazer CM5007-K14 для Nissan Micra 2017,5 929 грн,В наявності
291,14:24_15-11-2021,"Штатна магнітола Gazer CM5509-CM для Hyundai Santa Fe (CM), 2006-2012",15 899 грн,В наявності
292,14:24_15-11-2021,Штатна магнітола Gazer CM5509-ER для Mazda CX-7 (ER) 2006-2012,7 019 грн,В наявності
293,14:24_15-11-2021,Штатна магнітола Gazer CM5509-GV для Suzuki Grand Vitara (GV) 2015-2017,7 399 грн,В наявності
294,14:24_15-11-2021,Штатна магнітола Gazer CM5509-RW для Honda CRV 2017+,6 609 грн,В наявності
295,14:24_15-11-2021,"Штатна магнітола Gazer CM5510-100U для Nissan Qashqai, X-Trail 2013-2016",9 199 грн,В наявності
296,14:24_15-11-2021,Штатна магнітола Gazer CM5510-A50 для Toyota RAV4 2019+,6 609 грн,В наявності
297,14:24_15-11-2021,Штатна магнітола Gazer CM5510-CR для Honda,6 609 грн,В наявності
298,14:24_15-11-2021,Штатна магнітола Gazer CM5510-TLN для Hyundai Tucson (TLN) 2018+,6 609 грн,В наявності
299,14:24_15-11-2021,Штатна магнітола Gazer CM6007-K14 для Nissan Micra 2017+,7 199 грн,В наявності
300,14:24_15-11-2021,Штатна магнітола Gazer CM6508-Y62 для Nissan,9 539 грн,В наявності
301,14:24_15-11-2021,"Штатна магнітола Gazer CM6509-CM для Hyundai Santa Fe (CM), 2006-2012",8 839 грн,В наявності
302,14:24_15-11-2021,Штатна магнітола Gazer CM6509-GV для Suzuki Grand Vitara (GV) 2015-2017,8 849 грн,В наявності
303,14:24_15-11-2021,Штатна магнітола Gazer CM6509-P170 для Toyota Yaris (P170) 2016-2017,8 509 грн,В наявності
304,14:24_15-11-2021,Штатна магнітола Gazer CM6509-V40F для Toyota Camry (V40) 2007-2011,8 349 грн,В наявності
305,14:24_15-11-2021,Штатна магнітола Gazer CM6510-A50 для Toyota RAV4 2019+,9 159 грн,В наявності
306,14:24_15-11-2021,Штатна магнітола Gazer CM6510-E21 для Toyota Corolla E21 2020,7 679 грн,В наявності
307,14:24_15-11-2021,Штатна магнітола Gazer CM6510-J150N для Toyota Land Cruiser Prado (J150N) 2017- 2020,9 889 грн,В наявності
308,14:24_15-11-2021,Штатна магнітола Gazer CM6510-TLN для Hyundai Tucson (TLN) 2018+,7 879 грн,В наявності
309,14:24_15-11-2021,Штатна магнітола Gazer СM6509-E39,8 779 грн,В наявності
310,14:24_15-11-2021,Штатна магнітола Gazer CM5008-T300 для Chevrolet Aveo 2011-2016,7 109 грн,В наявності
311,14:24_15-11-2021,"Штатна магнітола Gazer CM5507-QV для Kia Mohave (QV), 2007-2012",7 409 грн,В наявності
312,14:24_15-11-2021,Камера заднього виду Gazer CF730-IN,1 266 грн,В наявності
313,14:24_15-11-2021,Камера заднього виду Gazer CC120,1 599 грн,В наявності
314,14:24_15-11-2021,Камера заднього виду Gazer CC3000-5G0,7 500 грн,В наявності
315,14:24_15-11-2021,Камера заднього виду Gazer CC207,1 599 грн,В наявності
316,14:24_15-11-2021,Камера заднього виду Gazer CC2000-LR0/C2Z,1 333 грн,В наявності
317,14:24_15-11-2021,Камера заднього виду Gazer CC2000-4L0,1 333 грн,В наявності
318,14:24_15-11-2021,Штатна магнітола Gazer CM5006-LD,12 719 грн,В наявності
319,14:24_15-11-2021,Штатна магнітола Gazer CM5007-198,7 079 грн,В наявності
320,14:25_15-11-2021,Штатна магнітола Gazer CM6007-W251,9 719 грн,В наявності
321,14:25_15-11-2021,Штатна магнітола Gazer CM6510-JK,9 919 грн,В наявності
322,14:25_15-11-2021,Відеореєстратор Gazer F725,2 999 грн,В наявності
323,14:25_15-11-2021,Телевізор Gazer TV43-FS2G,11 499 грн,В наявності
324,14:25_15-11-2021,Телевізор Gazer TV43-US2G,13 999 грн,В наявності
325,14:25_15-11-2021,Штатна магнітола Gazer-CM5510-162 для VW Jetta 2013-2016,7 109 грн,В наявності
326,14:25_15-11-2021,Штатна магнітола CM6008-GB для Hyundai i20 2014-2017,8 509 грн,В наявності
327,14:25_15-11-2021,Відеореєстратор Celsior DVR CS-402 VGA,442 грн,В наявності
328,14:25_15-11-2021,Відеореєстратор Celsior DVR X-360,2 683 грн,В наявності
329,14:25_15-11-2021,Відеореєстратор Gazer F225,0 грн,Немає в наявності
330,14:25_15-11-2021,Відеореєстратор Gazer F525,0 грн,Немає в наявності
331,14:25_15-11-2021,Відеореєстратор Super HD Gazer MUR5100,0 грн,Немає в наявності
332,14:25_15-11-2021,Відеореєстратор Full HD Gazer MMR5001,0 грн,Немає в наявності
333,14:25_15-11-2021,Магнітола Gazer CM6507-100S,0 грн,Немає в наявності
334,14:25_15-11-2021,Магнітола Gazer CM6507-100F,0 грн,Немає в наявності
335,14:25_15-11-2021,Магнітола Gazer CM6507-100H,0 грн,Немає в наявності
336,14:25_15-11-2021,Штатна магнітола Gazer CM5509-T5 VW/Skoda/Seat (2008-2016),0 грн,Немає в наявності
337,14:25_15-11-2021,"Штатна магнітола Gazer CM5510-J11 Nissan Qashqai, X-Trail (2013-2016)",0 грн,Немає в наявності
338,14:25_15-11-2021,"Штатна магнітола Gazer CM6007-BA7 Ford Mondeo (BA7), Ford Focus (DB), 2007-2012",0 грн,Немає в наявності
339,14:25_15-11-2021,Штатна магнітола Gazer CM6007-BM Ford Focus (BM) (2012-2016),0 грн,Немає в наявності
340,14:25_15-11-2021,"Штатна магнітола Gazer CM6007-E180 Toyota Auris (E180), 2006-2012",0 грн,Немає в наявності
341,14:25_15-11-2021,Штатна магнітола Gazer CM6007-ER Mazda CX-7 (ER) (2006-2012),0 грн,Немає в наявності
342,14:25_15-11-2021,Штатна магнітола Gazer CM6007-W211 Mercedes E (W211) 2002-2011,0 грн,Немає в наявності
343,14:25_15-11-2021,Штатна магнітола Gazer CM6509-RW Honda CRV (RW) (2017+),0 грн,Немає в наявності
344,14:25_15-11-2021,Штатна магнітола Gazer CM6509-SL Kia Sportage (SL) (2010-2015),0 грн,Немає в наявності
345,14:25_15-11-2021,Штатна магнітола Gazer CM6510-J32 Nissan Teana (J32) (2008-2013),0 грн,Немає в наявності
346,14:25_15-11-2021,Штатна магнітола Gazer CM6510-LF Hyundai Sonata (LF) 2015-2017,0 грн,Немає в наявності
347,14:25_15-11-2021,"Штатна магнітола Gazer CM6008-J11 Nissan Qashqai, X-Trail (2013-2016)",0 грн,Немає в наявності
348,14:25_15-11-2021,Штатна магнітола Gazer CM6008-T5 VW/Skoda/Seat,0 грн,Немає в наявності
349,14:25_15-11-2021,Штатна магнітола Gazer CM6007-MD Hyundai Elantra (MD) (2011-2016),0 грн,Немає в наявності
350,14:25_15-11-2021,Штатна магнітола Gazer CM5510-LF Hyundai Sonata (LF) (2015-2017),0 грн,Немає в наявності
351,14:25_15-11-2021,Штатна магнітола Gazer CM6509-T5 VW/Skoda/Seat (2008-2016),0 грн,Немає в наявності
352,14:25_15-11-2021,Планшет Gazer Tegra Note 7,0 грн,Немає в наявності
353,14:25_15-11-2021,Штатна магнітола Gazer CM5007-J300,0 грн,Немає в наявності
354,14:25_15-11-2021,Штатна магнітола Gazer CM5007-S12,0 грн,Немає в наявності
355,14:25_15-11-2021,Штатна магнітола Gazer CM6510-MK49,0 грн,Немає в наявності
356,14:25_15-11-2021,Штатна магнітола Gazer CM7012-U387,0 грн,Немає в наявності
357,14:25_15-11-2021,Телевізор Gazer TV43-US2,0 грн,Немає в наявності
358,14:25_15-11-2021,Телевізор Gazer TV65-US2,0 грн,Немає в наявності
359,14:25_15-11-2021,Відеореєстратор Gazer H521,0 грн,Немає в наявності
360,14:25_15-11-2021,Відеореєстратор Gazer F117,0 грн,Немає в наявності
361,14:25_15-11-2021,Відеореєстратор Gazer F150,0 грн,Немає в наявності
362,14:25_15-11-2021,Відеореєстратор Gazer F735g,0 грн,Немає в наявності
363,14:25_15-11-2021,Відеореєстратор Gazer F230w,0 грн,Немає в наявності
364,14:25_15-11-2021,Телевізор Gazer TV32-FS2,0 грн,Немає в наявності
365,14:25_15-11-2021,Телевізор Gazer TV49-US2,0 грн,Немає в наявності
366,14:25_15-11-2021,Телевізор Gazer TV55-US2,0 грн,Немає в наявності
367,14:25_15-11-2021,Відеореєстратор Gazer F720,0 грн,Немає в наявності
368,14:25_15-11-2021,Телевізор Gazer TV24-HS2G,0 грн,Немає в наявності
369,14:25_15-11-2021,Автомагнітола Gazer VC700-RT6 (Citroen/Peugeot),0 грн,Немає в наявності
370,14:25_15-11-2021,Автомагнітола Gazer VI700A-JLR/B (Jaguar/Land Rover),0 грн,Немає в наявності
371,14:25_15-11-2021,Автомагнітола Gazer VI700S-NTG50/51 (Mercedes),0 грн,Немає в наявності
372,14:25_15-11-2021,Штатна магнітола Gazer CM6007-8E для AUDI A4 (2002-2008),0 грн,Немає в наявності
373,14:25_15-11-2021,Штатна магнітола Gazer CM6007-8J для AUDI TT (2006-2011),0 грн,Немає в наявності
374,14:25_15-11-2021,Штатна магнітола Gazer CM7010-BM для Ford Focus (BM) 2012-2016,0 грн,Немає в наявності
375,14:25_15-11-2021,"Штатна магнітола Gazer CM5007-BA7 для Ford Mondeo (BA7), Focus (DB) 2007-2012",0 грн,Немає в наявності
376,14:25_15-11-2021,"Штатна магнітола Gazer CM6009-F150 для Ford Tourneo, Transit (F150) 2013-2016",0 грн,Немає в наявності
377,14:25_15-11-2021,Штатна магнітола Gazer CM5510-FA для Honda Civic (FA) 2006-2011,0 грн,Немає в наявності
378,14:25_15-11-2021,Штатна магнітола Gazer CM6008-FB2 для Honda Civic (FB2) (2013-2016),0 грн,Немає в наявності
379,14:25_15-11-2021,Штатна магнітола Gazer CM7010-FB4 для Honda Civic (FB4) 2016-2017,0 грн,Немає в наявності
380,14:25_15-11-2021,Штатна магнітола Gazer CM6007-RE для Honda CRV (RE) 2006-2011,0 грн,Немає в наявності
381,14:25_15-11-2021,Штатна магнітола Gazer CM6008-RE для Honda CRV (RE) 2006-2011,0 грн,Немає в наявності
382,14:25_15-11-2021,Штатна магнітола Gazer CM6509-GH для Honda HRV (GH) 2013-2017,0 грн,Немає в наявності
383,14:25_15-11-2021,Штатна магнітола Gazer CM5007-RB для Hyundai Accent (RB) 2010-2015,0 грн,Немає в наявності
384,14:25_15-11-2021,Штатна магнітола Gazer CM5510-UD для Hyundai Elantra (UD) 2016-2017,0 грн,Немає в наявності
385,14:25_15-11-2021,Штатна магнітола Gazer CM5007-GD для Hyundai i30 (GD) 2012-2016,0 грн,Немає в наявності
386,14:25_15-11-2021,Штатна магнітола Gazer CM6007-GD для Hyundai i30 (GD) 2012-2016,0 грн,Немає в наявності
387,14:25_15-11-2021,Штатна магнітола Gazer CM5006-CM для Hyundai Santa Fe (CM) 2006-2012,0 грн,Немає в наявності
388,14:25_15-11-2021,Штатна магнітола Gazer CM5008-DM для Hyundai Santa Fe (DM) 2012-2016,0 грн,Немає в наявності
389,14:25_15-11-2021,Штатна магнітола Gazer CM6006-NF для Hyundai Sonata (NF) 2009-2010,0 грн,Немає в наявності
390,14:25_15-11-2021,Штатна магнітола Gazer CM5008-YF для Hyundai Sonata 2010-2015,0 грн,Немає в наявності
391,14:25_15-11-2021,Штатна магнітола Gazer CM5509-YF для Hyundai Sonata (YF) 2010-2015,0 грн,Немає в наявності
392,14:25_15-11-2021,Штатна магнітола Gazer CM6008-YF для Hyundai Sonata 2010-2015,0 грн,Немає в наявності
393,14:25_15-11-2021,Штатна магнітола Gazer CM7015-YF для Hyundai Sonata (YF) (2010-2015),0 грн,Немає в наявності
394,14:25_15-11-2021,Штатна магнітола Gazer CM5007-ED для Kia Ceed (ED) 2007-2012,0 грн,Немає в наявності
395,14:25_15-11-2021,Штатна магнітола Gazer CM6007-TA для Kia Picanto (TA) 2011-2017,0 грн,Немає в наявності
396,14:25_15-11-2021,Штатна магнітола Gazer CM5008-UB для Kia Rio 2012-2015,0 грн,Немає в наявності
397,14:25_15-11-2021,Штатна магнітола Gazer CM5008-UM для Kia Sorento (UM) 2015-2017,0 грн,Немає в наявності
398,14:25_15-11-2021,Штатна магнітола Gazer CM5006-PS для Kia Soul (PS) 2012-2014,0 грн,Немає в наявності
399,14:25_15-11-2021,Штатна магнітола Gazer CM6008-SL для Kia Sportage 2010-2015,0 грн,Немає в наявності
400,14:26_15-11-2021,"Штатна магнітола Gazer CM6008-KE для Mazda CX-5 (KE), 6 (GJ) (2012- 2016)",0 грн,Немає в наявності
401,14:26_15-11-2021,Штатна магнітола Gazer CM5007-TB ё-TB для Mazda CX-9 (TB) 2006-2012,0 грн,Немає в наявності
402,14:26_15-11-2021,"Штатна магнітола Gazer CM5007-W169 для Mercedes A, B, Vito, Viano, Sprinter 2003-2012",0 грн,Немає в наявності
403,14:26_15-11-2021,"Штатна магнітола Gazer CM6007-W169 для Mercedes A, B, Vito, Viano, Sprinter 2003-2012",0 грн,Немає в наявності
404,14:26_15-11-2021,Штатна магнітола Gazer CM5007-W220 для Mercedes S (W220) 1998-2005,0 грн,Немає в наявності
405,14:26_15-11-2021,Штатна магнітола Gazer CM6007-V8W для Mitsubishi Pajero (V8W) 2006-2015,0 грн,Немає в наявності
406,14:26_15-11-2021,"Штатна магнітола Gazer CM5008-J11 для Nissan Qashqai, X-Trail 2013-2016",0 грн,Немає в наявності
407,14:26_15-11-2021,"Штатна магнітола Gazer CM6510-J11 для Nissan Qashqai, X-Trail 2013-2016",0 грн,Немає в наявності
408,14:26_15-11-2021,"Штатна магнітола Gazer CM6008-J11 для Nissan Qashqai, X-Trail 2013-2016",0 грн,Немає в наявності
409,14:26_15-11-2021,"Штатна магнітола Gazer CM5007-L48 для Opel Astra H, Vectra C, Zafira B 2004-2009",0 грн,Немає в наявності
410,14:26_15-11-2021,"Штатна магнітола Gazer CM6007-L48 для Opel Astra H, Vectra C, Zafira B 2004-2009",0 грн,Немає в наявності
411,14:26_15-11-2021,Штатна магнітола Gazer CM5007-DZO для Renault Megane III (DZO) 2008-2016,0 грн,Немає в наявності
412,14:26_15-11-2021,Штатна магнітола Gazer CM5009-FS для Renault Sandero (FS) 2008-2012,0 грн,Немає в наявності
413,14:26_15-11-2021,"Штатна магнітола Gazer CM6007-1Z3 для Skoda Octavia A5, Fabia, Super b 2005-2012",0 грн,Немає в наявності
414,14:26_15-11-2021,Штатна магнітола Gazer CM6008-5E3 для Skoda Octavia A7 (5E3) 2013-2016,0 грн,Немає в наявності
415,14:26_15-11-2021,Штатна магнітола Gazer CM5008-NK3 для Skoda Rapid (NK3) 2013-2016,0 грн,Немає в наявності
416,14:26_15-11-2021,"Штатна магнітола Gazer CM5007-GAB для Ssang Yong Actyon, Kyron, Korando 2005-2010",0 грн,Немає в наявності
417,14:26_15-11-2021,Штатна магнітола Gazer CM5008-V40 для Toyota Camry (V40) 2007-2011,0 грн,Немає в наявності
418,14:26_15-11-2021,Штатна магнітола Gazer CM5007-E140 для Toyota Corolla (E140) 2006-2012,0 грн,Немає в наявності
419,14:26_15-11-2021,Штатна магнітола Gazer CM5509-E150 для Toyota Corolla (E150) 2013-2016,0 грн,Немає в наявності
420,14:26_15-11-2021,Штатна магнітола Gazer CM6509-N8 для Toyota Hilux 2015-2017,0 грн,Немає в наявності
421,14:26_15-11-2021,Штатна магнітола Gazer CM6008-J200 для Toyota LC 200 (J200) 2007-2015,0 грн,Немає в наявності
422,14:26_15-11-2021,Штатна магнітола Gazer CM5007-TYT для Toyota Prado (J120) 2002-2009,0 грн,Немає в наявності
423,14:26_15-11-2021,Штатна магнітола Gazer CM5007-A30 для Toyota RAV 4 (A30) 2006-2012,0 грн,Немає в наявності
424,14:26_15-11-2021,Автомагнітола Gazer CM5006-100D,0 грн,Немає в наявності
425,14:26_15-11-2021,Автомагнітола Gazer CM5507-100F,0 грн,Немає в наявності
426,14:26_15-11-2021,Автомагнітола Gazer CM6507-100F,0 грн,Немає в наявності
427,14:26_15-11-2021,Автомагнітола Gazer CM5507-100H,0 грн,Немає в наявності
428,14:26_15-11-2021,Штатна магнітола Gazer CM5510-5N2 для VW Tiguan (5N2) 2013-2016,0 грн,Немає в наявності
429,14:26_15-11-2021,Штатна магнітола Gazer CM6008-7P5 для Volkswagen Touareg (7P5) 2010-2016,0 грн,Немає в наявності
430,14:26_15-11-2021,Штатна магнітола Gazer CM6509-T5 для VW/Skoda/Seat 2008-2016,0 грн,Немає в наявності
431,14:26_15-11-2021,Штатна магнітола Gazer CM5007-C6 для Audi A6 (C5) 1997-2004,0 грн,Немає в наявності
432,14:26_15-11-2021,Штатна магнітола Gazer CM5008-MGH для Mazda 6 (MGH) 2007-2013,0 грн,Немає в наявності
433,14:26_15-11-2021,Штатна магнітола Gazer CM5508-CYA для Mitsubishi Lancer (CYA) 2007-2013,0 грн,Немає в наявності
434,14:26_15-11-2021,Штатна магнітола Gazer CM5509-KX5 для KIA,0 грн,Немає в наявності
435,14:26_15-11-2021,Штатна магнітола Gazer CM5509-RE для Honda CR-V (RE) 2006-2011,0 грн,Немає в наявності
436,14:26_15-11-2021,"Штатна магнітола Gazer CM6007-GAB для SsangYong Actyon, Kyron, Korando 2005-2010",0 грн,Немає в наявності
437,14:26_15-11-2021,Штатна магнітола Gazer CM6008-250T для Toyota Avensis 2003-2007,0 грн,Немає в наявності
438,14:26_15-11-2021,Штатна магнітола Gazer CM6008-CKN для SsangYong Korando (CKN) 2013-2016,0 грн,Немає в наявності
439,14:26_15-11-2021,Штатна магнітола Gazer CM6509-RE для Honda,0 грн,Немає в наявності
440,14:26_15-11-2021,Штатна магнітола Gazer CM5006-M11,0 грн,Немає в наявності
441,14:26_15-11-2021,Штатна магнітола Gazer CM5007-263,0 грн,Немає в наявності
442,14:26_15-11-2021,Штатна магнітола Gazer CM5509-S13,0 грн,Немає в наявності
443,14:26_15-11-2021,Телевізор Gazer TV32-FS2G,0 грн,Немає в наявності
444,14:26_15-11-2021,Телевізор Gazer TV49-US2G,0 грн,Немає в наявності
445,14:26_15-11-2021,Телевізор Gazer TV55-US2G,0 грн,Немає в наявності
446,14:26_15-11-2021,Відеореєстратор Celsior CS-408 VGA,0 грн,Немає в наявності
447,14:26_15-11-2021,Відеореєстратор Celsior DVR CS-400 VGA,0 грн,Немає в наявності
448,14:26_15-11-2021,Відеореєстратор Celsior DVR CS-401 VGA,0 грн,Немає в наявності
449,14:26_15-11-2021,Відеореєстратор Celsior DVR CS-710HD,0 грн,Немає в наявності
450,14:26_15-11-2021,Відеореєстратор Celsior DVR H731 HD,0 грн,Немає в наявності
451,14:26_15-11-2021,Відеореєстратор Celsior DVR CS-219 Wi-Fi White,0 грн,Немає в наявності
452,14:26_15-11-2021,Відеореєстратор Celsior DVR F801,0 грн,Немає в наявності
453,14:26_15-11-2021,Відеореєстратор Celsior DVR F803,0 грн,Немає в наявності
454,14:26_15-11-2021,Відеореєстратор Celsior DVR CS-1906S,0 грн,Немає в наявності
455,14:26_15-11-2021,Відеореєстратор Celsior DVR F804,0 грн,Немає в наявності
456,14:26_15-11-2021,Відеореєстратор Celsior DVR CS-1806S,0 грн,Немає в наявності
457,14:26_15-11-2021,Відеореєстратор Celsior DVR CS-1808S,0 грн,Немає в наявності
458,14:26_15-11-2021,Відеореєстратор Celsior DVR CS-119 GPS,0 грн,Немає в наявності
459,14:26_15-11-2021,Відеореєстратор Celsior DVR F802D,0 грн,Немає в наявності
460,14:26_15-11-2021,Відеореєстратор Celsior DVR X-TOUCH GPS,0 грн,Немає в наявності
461,14:26_15-11-2021,Відеореєстратор Celsior DVR CS-704HD,0 грн,Немає в наявності
